Title;Title_link;Price;ellipsis;item-multimedia-pictures;Metros;item-info-container1
Piso en carretera de humera, Zona Avenida Europa, Pozuelo de Alarcón;https://www.idealista.com/inmueble/91922570/;670.000,00;Gilmar Consulting Inmobiliario pone a su disposición la compra de un gran piso en la mejor zona de Avenida de Europa, Pozuelo de Alarcón,...;60;158;1ª planta exterior con ascensor
Piso en Zona Avenida Europa, Pozuelo de Alarcón;https://www.idealista.com/inmueble/90573740/;515.000,00;Gilmar Consulting Inmobiliario comercializa piso en Avenida de Europa, de 3 habitaciones. piso en plena Avda. Europa de 132 m2, 3 dormit...;32;132;1ª planta exterior con ascensor
Piso en Pablo VI, 9, Zona Avenida Europa, Pozuelo de Alarcón;https://www.idealista.com/inmueble/89416168/;584.000,00;PROPIEDADES POZUELO vende. Precioso piso bajo con terraza, 4 dormitorios, 3 baños, una plaza de garaje y trastero. Urbanización cerrada c...;43;159;Bajo interior con ascensor
Piso en Zona Avenida Europa, Pozuelo de Alarcón;https://www.idealista.com/inmueble/91693287/;640.000,00;Engel & Volkers ofrece este acogedor Bajo de 116m2 con tres habitaciones, dos baños y jardín privado de 87m2 dentro de la urbanización. C...;32;116;Bajo exterior con ascensor
Piso en Zona Avenida Europa, Pozuelo de Alarcón;https://www.idealista.com/inmueble/91809855/;584.000,00;DIZA Consultores gestiona la venta de este acogedor y luminoso piso de cuatro dormitorios, con terraza, en una magnifica urbanización en...;51;159;Bajo exterior con ascensor
Dúplex en Zona Avenida Europa, Pozuelo de Alarcón;https://www.idealista.com/inmueble/88774507/;795.000,00;Descripción de Ático-Dúplex en Avda. Europa Gilmar pone a la venta en exclusiva y fantástico Ático-Dúplex de 225 m² con 2 salones, 3 dor...;41;225;4ª planta exterior con ascensor
Piso en avenida de Europa, Zona Avenida Europa, Pozuelo de Alarcón;https://www.idealista.com/inmueble/91761124/;610.000,00;Propiedades Pozuelo vende en EXCLUSIVA piso de 145 m². Amplío salón comedor con salida a terraza cerrada. Cocina equipa con electrodomést...;34;145;2ª planta exterior con ascensor
Piso en avenida de Europa, Zona Avenida Europa, Pozuelo de Alarcón;https://www.idealista.com/inmueble/91230734/;1.100.000,00;ATENDEMOS SABADOS Y DOMINGOS. Espectacular ático Duplex consta de 273 metros construidos distribuidos en dos plantas con todas las zonas...;53;273;4ª planta exterior con ascensor
Piso en Zona Avenida Europa, Pozuelo de Alarcón;https://www.idealista.com/inmueble/85369476/;625.000,00;Gilmar consulting inmobiliario pone a la venta magnifico piso de 3 habitaciones en Avenida de Europa - Pozuelo de Alarcón Fantástico pis...;39;161;2ª planta exterior con ascensor
Piso en Zona Avenida Europa, Pozuelo de Alarcón;https://www.idealista.com/inmueble/92182605/;565.000,00;***ERES EXIGENTE? , BUSCAS LO MEJOR? . ***Te presentamos en exclusiva el mejor piso, de esquina, en la mejor urbanización, en la mejor u...;25;132;1ª planta exterior con ascensor
Piso en Zona Avenida Europa, Pozuelo de Alarcón;https://www.idealista.com/inmueble/91498055/;515.000,00;***GRAN PISO SIN COMPETENCIA EN SU CATEGORIA! PRECIO, UBICACION, ORIENTACION, ESTADO DE CONSERVACION, TAMAÑO, PRESTACIONES, VISTAS, SERVI...;35;136;1ª planta exterior con ascensor
Piso en avenida de Pablo VI, Zona Avenida Europa, Pozuelo de Alarcón;https://www.idealista.com/inmueble/88977129/;584.000,00;PRO REALTY gestiona la venta, sin cobrar honorarios al comprador, de este fabuloso piso de 4 dormitorios, cuya ubicación es inmejorable y...;34;158;Bajo exterior con ascensor
Ático en Zona Avenida Europa, Pozuelo de Alarcón;https://www.idealista.com/inmueble/91717561/;607.000,00;Redpiso vende en exclusiva magnífico ático de tres dormitorios, 2 baños distribuida de la siguiente manera: En la planta principal son 3...;41;142;3ª planta exterior con ascensor
Piso en via de las Dos Castillas, Zona Avenida Europa, Pozuelo de Alarcón;https://www.idealista.com/inmueble/92271799/;560.000,00;DEPLACE NO COBRAMOS AL COMPRADOR Y SOLO 2.990€ +IVA AL VENDEDOR. ¡Fabuloso piso en venta en vía de las Dos Castillas, Pozuelo de Alarcón...;28;142;1ª planta exterior con ascensor
Piso en avenida de europa, Zona Avenida Europa, Pozuelo de Alarcón;https://www.idealista.com/inmueble/89678880/;430.000,00;Estupendo piso de 2 dormitorios y 2 baños en la mejor zona de Avenida de Europa, rodeado de servicios, transporte en la puerta, farmacias...;44;98;3ª planta exterior con ascensor
Piso en avenida DE EUROPA, Zona Avenida Europa, Pozuelo de Alarcón;https://www.idealista.com/inmueble/90938611/;505.000,00;Vivienda sita en urbanización con gran cantidad de zonas verdes y espacios comunes, pista de padel, piscina, zona infantil, y plaza de ga...;74;121;2ª planta exterior con ascensor
Piso en calle Francia, 8, Zona Avenida Europa, Pozuelo de Alarcón;https://www.idealista.com/inmueble/89421161/;520.000,00;Espacioso piso de 146m² en Pozuelo de Alarcón, provincia de Madrid. La vivienda, por espacio y distribución, es ideal para una familia co...;35;146;1ª planta exterior con ascensor
Ático en Cerro de los perdigones, Zona Avenida Europa, Pozuelo de Alarcón;https://www.idealista.com/inmueble/90328772/;630.000,00;Engel & Völkers presenta magnífica vivienda en una de las mejores zonas de Pozuelo de Alarcón. La vivienda tiene una superficie de 168 me...;25;168;3ª planta exterior con ascensor
Piso en Zona Avenida Europa, Pozuelo de Alarcón;https://www.idealista.com/inmueble/92379953/;584.000,00;PRO REALTY gestiona la venta, sin cobrar honorarios al comprador, de este fabuloso piso de 4 dormitorios, cuya ubicación es inmejorable y...;33;158;Bajo exterior con ascensor
Chalet en Zona Avenida Europa, Pozuelo de Alarcón;https://www.idealista.com/inmueble/87041978/;815.000,00;Chalet adosado de 4 plantas recientemente reformado en su totalidad utilizando materiales de alta calidad! (paredes lisas, mampara de ba...;35;316;
Piso en avenida DE EUROPA, Zona Avenida Europa, Pozuelo de Alarcón;https://www.idealista.com/inmueble/90914213/;515.000,00;Propiedades Pozuelo vende bonito piso en plena Avenida de Europa con 3 dormitorios, dos baños y una plaza de garaje. Recibidor, armario...;46;132;1ª planta exterior con ascensor
Piso en avenida de Europa, Zona Avenida Europa, Pozuelo de Alarcón;https://www.idealista.com/inmueble/90814142/;515.000,00;Piso en la Av. de Europa de 132m2, 3 dormitorios (antes 4), con amplio salón, cocina con office, dormitorio principal en suite y otro bañ...;25;132;1ª planta exterior con ascensor
Piso en avenida DE EUROPA, Zona Avenida Europa, Pozuelo de Alarcón;https://www.idealista.com/inmueble/88073904/;625.000,00;Gilmar Consultin Inmobiliario pone a la venta piso en Pozuelo de Alarcón en Avenida de Europa. **PENDIENTES DE RECIBIR MATERIAL FOTOGRAF...;4;161;2ª planta exterior con ascensor
Piso en via Dos Castillas, Zona Avenida Europa, Pozuelo de Alarcón;https://www.idealista.com/inmueble/91670159/;490.000,00;Domus Vendi pone a la venta este estupendo bajo de 120m2 con jardín de 40m2 la vivienda consta de hall distribuidor con armario gabanero...;23;120;Bajo exterior con ascensor
Dúplex en europa, Zona Avenida Europa, Pozuelo de Alarcón;https://www.idealista.com/inmueble/91087864/;650.000,00;Piso dúplex con fantástica terraza de 32 m2 ubicado en una de las mejores urbanizaciones de la Avenida de Europa, Las Terrazas de Aravaca...;56;150;1ª planta exterior con ascensor
Piso en calle Suecia, 1, Zona Avenida Europa, Pozuelo de Alarcón;https://www.idealista.com/inmueble/92080794/;670.000,00;Piso de lujo con fantástica reforma en la mejor zona de la Av. de Europa, Pozuelo de Alarcón, con 181m2 construidos, repartidos en 4 dorm...;27;181;2ª planta exterior con ascensor
Ático en Zona Avenida Europa, Pozuelo de Alarcón;https://www.idealista.com/inmueble/91196573/;630.000,00;¡REDPISO VENDE FANTÁSTICO ÁTICO DE 4 DORMITORIOS Y 3 BAÑOS DE 166M2 EN URBANIZACIÓN PRIVADA CON VISTAS ESPECTACULARES EN LA ZONA AVENIDA...;22;166;3ª planta exterior con ascensor
Chalet en Zona Avenida Europa, Pozuelo de Alarcón;https://www.idealista.com/inmueble/91113629/;910.000,00;EN UNA DE LAS MEJORES ZONAS DE POZUELO DE ALARCÓN COMO ES LA ZONA AVENIDA DE EUROPA, REDPISO VENDE EN EXCLUSIVA PRECIOSO CHALET EN URBANI...;47;303;
Piso en avenida Europa, Zona Avenida Europa, Pozuelo de Alarcón;https://www.idealista.com/inmueble/91572749/;640.000,00;Excelente bajo de 115 metros más 87 de jardín, el jardín incluye una casa de madera excelente para familias con niños como cuarto de jueg...;47;121;Bajo exterior con ascensor
Piso en calle París, 2, Zona Avenida Europa, Pozuelo de Alarcón;https://www.idealista.com/inmueble/91987399/;500.000,00;Se vende bonito y soleado piso situado en una tranquila calle peatonal, en la confluencia de las calles Francia y Pablo VI, en la zona de...;38;150;2ª planta exterior con ascensor
Piso en avenida de Europa, 15, Zona Avenida Europa, Pozuelo de Alarcón;https://www.idealista.com/inmueble/91255345/;395.000,00;Estupendo piso exterior muy luminoso en una de las mejores zonas de la Avenida de Europa, cerca de muchos servicios (Restaurantes, bancos...;21;104;1ª planta exterior con ascensor
Piso en calle Francia, 8, Zona Avenida Europa, Pozuelo de Alarcón;https://www.idealista.com/inmueble/87842733/;520.000,00;Por favor ABSTENERSE agencias, profesionales y otros intermediarios. Piso muy luminoso con - amplio salón comedor (33 m2) Orientación SU...;35;136;1ª planta exterior con ascensor
Piso en calle Berlín, 3, Zona Avenida Europa, Pozuelo de Alarcón;https://www.idealista.com/inmueble/89615154/;475.000,00;PISO DE CUATRO DORMITORIOS, RECIEN REFORMADO, EN LA MEJOR ZONA DE AVENIDA DE EUROPA. ABSTENERSE AGENCIAS. LOCALIZACION: Situado en la z...;38;131;Bajo exterior con ascensor
Piso en Zona Avenida Europa, Pozuelo de Alarcón;https://www.idealista.com/inmueble/91916073/;398.000,00;Se vende Magnífico Piso ubicado en la mejor Zona de la AVENIDA DE EUROPA, frente a la Parroquia de Santa María de Caná. Se trata de una...;25;99;2ª planta exterior con ascensor
Piso en Zona Avenida Europa, Pozuelo de Alarcón;https://www.idealista.com/inmueble/92095359/;490.000,00;Luminoso bajo de 119 m2 construidos más jardín de 40 m2. Urbanización con amplias zonas comunes y piscina. Incluida en el precio una plaz...;26;118;Bajo exterior con ascensor
Piso en avenida de Europa, Zona Avenida Europa, Pozuelo de Alarcón;https://www.idealista.com/inmueble/91963690/;515.000,00;Vivienda en la mejor zona de Pozuelo de Alarcón. Cuenta con 132 metros cuadrados, distribuidos en una amplia cocina en forma de L, lo que...;14;132;1ª planta exterior con ascensor
Chalet adosado en calle Anunciadora, 72, Zona Avenida Europa, Pozuelo de Alarcón;https://www.idealista.com/inmueble/86356416/;540.000,00;Estupendo chalet adosado en esquina, situado en una inmejorable zona residencial y tranquila junto a la avenida de Europa. Tiene una supe...;11;279;
Piso en Zona Avenida Europa, Pozuelo de Alarcón;https://www.idealista.com/inmueble/89782974/;580.000,00;VIVE HOME STYLE - AVENIDA DE EUROPA Magnífico piso en la mejor urbanización de la Avenida de Europa. La vivienda es un tercero de 133m2...;15;133;3ª planta exterior con ascensor
Dúplex en calle Francia, 5, Zona Avenida Europa, Pozuelo de Alarcón;https://www.idealista.com/inmueble/91572422/;630.000,00;Ático/Dúplex en barrio zona Avenida de Europa   Precioso ático/dúplex, 3ª planta situado junto a una de las arterias principales de Pozue...;23;175;3ª planta exterior con ascensor
Ático en avenida de Europa, 10, Zona Avenida Europa, Pozuelo de Alarcón;https://www.idealista.com/inmueble/89933670/;550.000,00;ATICO ESPECTACULAR EN LA AVENIDA DE EUROPA! En la mejor zona de Pozuelo, con todos los servicios cerca. Universidad, comercios, transport...;40;106;3ª planta exterior con ascensor
Piso en via de las Dos Castillas, 11, Zona Avenida Europa, Pozuelo de Alarcón;https://www.idealista.com/inmueble/88750213/;560.000,00;150m2 3 amplios dormitorios, plaza de garaje (opción a 2a plaza), pádel, piscina y gran urbanización, trastero, gran tendedero, cuartos b...;40;150;1ª planta exterior con ascensor
Chalet adosado en calle Neptuno, 26, Zona Avenida Europa, Pozuelo de Alarcón;https://www.idealista.com/inmueble/87032618/;815.000,00;OPORTUNIDAD - ELEGANTE VIVIENDA A ESRTENAR (Venta de particular: Abstenerse agencias) Chalet adosado de 4 plantas recientemente reformad...;40;350;
Piso en Zona Avenida Europa, Pozuelo de Alarcón;https://www.idealista.com/inmueble/91607871/;650.000,00;***EL MEJOR PISO EN SU CATEGORÍA***2 GARAJES, TRASTERO, 3ª PLANTA, DENTRO DE LA URBANIZACIÓN, ( LA MEJOR) EN PLENO CORAZON DE AVENIDA DE...;31;147;3ª planta exterior con ascensor
Piso en Zona Avenida Europa, Pozuelo de Alarcón;https://www.idealista.com/inmueble/91481513/;460.000,00;PISO DE 92 m² RECIENTEMENTE REFORMADO EN ZONA AVENIDA EUROPA La vivienda consta de: hall-recibidor, salón de 20 m² con salida a terraza...;36;92;1ª planta exterior con ascensor
Piso en Zona Avenida Europa, Pozuelo de Alarcón;https://www.idealista.com/inmueble/90068550/;584.000,00;CATEGORIA, DISTINCION. PARA GENTE MUY EXIGENTE QUE BUSCA LO MEJOR. LA CASA SOÑADA! . INICIA UNA NUEVA VIDA EN ESTE ESPECTACULAR PISO. Es...;31;160;Bajo exterior con ascensor
Piso en Zona Avenida Europa, Pozuelo de Alarcón;https://www.idealista.com/inmueble/87573162/;549.000,00;Duplex en la avda de Europa. Consta de 3 dormitorios, 3 baños y 1 plaza de garaje. Al entrar encontramos el hall con armario gabanero, el...;31;140;3ª planta exterior con ascensor
Piso en calle Rumania, 3, Zona Avenida Europa, Pozuelo de Alarcón;https://www.idealista.com/inmueble/1629122/;599.000,00;Calle Rumania, 3. Piso 1º en esquina, 145,5 m2 construidos. Orientado hacia interior urbanización y calle peatonal. Buenas calidades cons...;16;145;1ª planta exterior con ascensor
Chalet adosado en calle Doctor Marañón, 29, Zona Avenida Europa, Pozuelo de Alarcón;https://www.idealista.com/inmueble/91429868/;664.000,00;Magnifico chalet adosado situado en la zona más alta  de Pozuelo de Alarcón con vistas a la Sierra, Torres de Madrid, Parque Ramon y Caja...;4;190;
Piso en avenida de Europa, 31, Zona Avenida Europa, Pozuelo de Alarcón;https://www.idealista.com/inmueble/91742335/;690.000,00;Abstenerse inmobiliarias, directamente con el comprador. Gracias.;14;161;1ª planta interior con ascensor
Piso en carretera de Húmera, 87, Zona Avenida Europa, Pozuelo de Alarcón;https://www.idealista.com/inmueble/91366731/;435.000,00;Estupendo piso totalmente exterior de 95 m2 en dos dormitorios, dos baños completos, cocina, salón con techos de doble altura y chimenea...;20;95;3ª planta exterior con ascensor
Piso en avenida de España, 4, Zona Avenida Europa, Pozuelo de Alarcón;https://www.idealista.com/inmueble/91112296/;213.000,00;Es un estudio situado en una ubicación muy buena. Bien comunicado con zonas cercanas tanto de ocio como comerciales. Parada de autobús ju...;14;42;Bajo exterior con ascensor
Piso en avenida de Pablo VI, 7, Zona Avenida Europa, Pozuelo de Alarcón;https://www.idealista.com/inmueble/90950167/;599.000,00;Estupendo piso en buen estado de 4 dormitorios, 3 baños completos y 2 amplias plazas de garaje. Cocina con office. Armarios empotrados in...;7;158;Bajo exterior con ascensor
Chalet pareado en Pluton, Zona Avenida Europa, Pozuelo de Alarcón;https://www.idealista.com/inmueble/91308479/;1.159.000,00;JRK tiene el placer de presentarles este exclusivo chalet pareado sobre parcela de 500m2 en zona Avenida de Europa con piscina independie...;95;400;
Piso en Francia, 1, Zona Avenida Europa, Pozuelo de Alarcón;https://www.idealista.com/inmueble/91533073/;532.000,00;Precioso piso de TRES dormitorios en una de las mejores zonas de Pozuelo. Consta de tres dormitorios con armarios empotrados, dos baños...;33;142;2ª planta exterior con ascensor
Piso en avenida DE EUROPA, Zona Avenida Europa, Pozuelo de Alarcón;https://www.idealista.com/inmueble/90223833/;650.000,00;"""PROPIEDADES POZUELO, vende piso de tres dormitorios en AVENIDA DE EUROPA con 146 m2 construidos dos baños y dos plazas de garaje. Salón...";32;146;1ª planta exterior con ascensor
Piso en via VÍA DOS CASTILLAS, Zona Avenida Europa, Pozuelo de Alarcón;https://www.idealista.com/inmueble/91034961/;550.000,00;Estupendo piso de 138 metros, en urbanización cerrada y vigilada 24 horas, con piscina comunitaria, zonas verdes, parque infantil, zonas...;55;135;2ª planta exterior con ascensor
Piso en avenida de Europa, Zona Avenida Europa, Pozuelo de Alarcón;https://www.idealista.com/inmueble/92361414/;610.000,00;Propiedades Pozuelo vende en EXCLUSIVA piso de 145 m². Amplío salón comedor con salida a terraza cerrada. Cocina equipa con electrodomést...;27;145;2ª planta exterior con ascensor
Piso en Zona Avenida Europa, Pozuelo de Alarcón;https://www.idealista.com/inmueble/92362235/;575.000,00;Piso en Avenida Europa de Pozuelo de Alarcón de 148 m2, 3 dormitorios, 2 baños, cocina, terraza de 16,00 metros, exterior, muy luminoso,...;21;148;1ª planta exterior con ascensor
Dúplex en Zona Avenida Europa, Pozuelo de Alarcón;https://www.idealista.com/inmueble/91324978/;1.100.000,00;Engel & Völkers vende este maravilloso ático dúplex de 320m2 construidos con espectaculares vistas, ubicado en la mejor urbanización priv...;35;320;3ª planta exterior con ascensor
Chalet adosado en Zona Avenida Europa, Pozuelo de Alarcón;https://www.idealista.com/inmueble/88341201/;810.000,00;Casa adosada en la Avenida Europa Engel & Völkers les ofrece en exclusiva estupendo chalet pareado a dos minutos del corazón de la Aveni...;38;334;
Piso en calle PARÍS, Zona Avenida Europa, Pozuelo de Alarcón;https://www.idealista.com/inmueble/92100576/;500.000,00;Espectacular piso exterior de 3 habitaciones y 2 baños en Pozuelo de Alarcón. Vivienda en buen estado con orientación Sur. Dispone de 1...;33;150;2ª planta exterior con ascensor
Piso en avenida DE EUROPA, Zona Avenida Europa, Pozuelo de Alarcón;https://www.idealista.com/inmueble/91929567/;395.000,00;Magnífico piso exterior de 2 habitaciones y 1 baño en Pozuelo de Alarcón. Vivienda en buen estado del año 1989 con orientación Sur. Di...;21;104;1ª planta exterior con ascensor
Chalet pareado en Opalo, Zona Avenida Europa, Pozuelo de Alarcón;https://www.idealista.com/inmueble/92227878/;670.000,00;My Home ofrece estupendo chalet, en Pozuelo de Alarcón. Piscina Comunitaria y jardín privado -Planta baja Cocina totalmente reformada Sal...;49;221;
Piso en calle Suecia, 1, Zona Avenida Europa, Pozuelo de Alarcón;https://www.idealista.com/inmueble/91951860/;555.000,00;Un precio muy interesante que permite una buena reforma para la actualización de la vivienda. Este piso exterior se encuentra en urbaniza...;26;152;2ª planta exterior con ascensor
Piso en avenida De Las Dos Castillas, Zona Avenida Europa, Pozuelo de Alarcón;https://www.idealista.com/inmueble/90052393/;445.000,00;VÍA DOS CASTILLAS. - Excelente ubicación para una vivienda muy bien aprovechada en cuanto a espacios se refiere. Con reforma del año 2003...;21;91;1ª planta exterior con ascensor
Casa o chalet independiente en Zona Avenida Europa, Pozuelo de Alarcón;https://www.idealista.com/inmueble/89875204/;1.350.000,00;ATENDEMOS SABADOS Y DOMINGOS. LLAMENOS SIN COMPROMISO BERNADO LUXURY HOUSES vende espectacular chalet de 550 m2 construidos en el centro...;60;550;
Piso en avenida de europa, Zona Avenida Europa, Pozuelo de Alarcón;https://www.idealista.com/inmueble/92331527/;485.000,00;PROPIEDADES POZUELO vende en EXCLUSIVA. Precioso piso de 2 dormitorios y dos baños. Amplio recibidor, salón con salida a terraza, cocina,...;24;93;2ª planta exterior con ascensor
Piso en avenida DE EUROPA, Zona Avenida Europa, Pozuelo de Alarcón;https://www.idealista.com/inmueble/92039523/;550.000,00;Espectacular Piso exterior de 3 habitaciones y 2 baños en Pozuelo de Alarcón. Vivienda en buen estado del año 1980 con orientación Sur/E...;25;164;1ª planta exterior con ascensor
Piso en via DE LAS DOS CASTILLAS, Zona Avenida Europa, Pozuelo de Alarcón;https://www.idealista.com/inmueble/91769702/;585.000,00;Magnífico piso exterior de 3 dormitorios y 2 baños en Pozuelo de Alarcón. Vivienda en buen estado con orientación Sur. Dispone de 145 m...;22;145;2ª planta exterior con ascensor
Chalet adosado en calle Circunvalación, Zona Avenida Europa, Pozuelo de Alarcón;https://www.idealista.com/inmueble/92361564/;650.000,00;Chalet adosado en inmejorable ubicación. Zona residencial con todos los servicios cerca de ESIC y Centro de Salud. La vivienda consta de...;39;203;
Piso en avenida DE EUROPA, Zona Avenida Europa, Pozuelo de Alarcón;https://www.idealista.com/inmueble/91668270/;549.000,00;Propiedades Pozuelo vende piso en plena Avenida de Europa con 2 dormitorios 2 baños y una plaza de garaje. Primera planta: Recibidor, sa...;49;97;3ª planta exterior con ascensor
Piso en Zona Avenida Europa, Pozuelo de Alarcón;https://www.idealista.com/inmueble/91100891/;475.000,00;No cobramos honorarios al comparador. ESTA PROPIEDAD ES ESPECIAL PORQUE: Se vende con un contrato de alquiler vigente. Inquilino de...;16;129;2ª planta  con ascensor
Piso en carretera de Húmera, 87, Zona Avenida Europa, Pozuelo de Alarcón;https://www.idealista.com/inmueble/91884117/;670.000,00;Magnifica vivienda totalmente exterior con 158 metros más 40 de terraza en la mejor zona de la avenida de Europa, entre las rotondas de l...;40;158;1ª planta exterior con ascensor
Piso en avenida de Europa, 7, Zona Avenida Europa, Pozuelo de Alarcón;https://www.idealista.com/inmueble/91668336/;575.000,00;Piso en Europa, tres habitaciones, una en suite con amplio vestidor y baño completo con bañerra de hidromasaje. Las otras dos habitacione...;22;135;1ª planta exterior con ascensor
Ático en Oporto, Zona Avenida Europa, Pozuelo de Alarcón;https://www.idealista.com/inmueble/88426976/;890.000,00;Premium Realty International, ( Tlf +034 91 039 26 32, premiumrealty. es), Presenta Espectacular piso ático dúplex disponible en venta, e...;39;210;3ª planta exterior con ascensor
Dúplex en avenida de Europa, Zona Avenida Europa, Pozuelo de Alarcón;https://www.idealista.com/inmueble/91210744/;550.000,00;Estupendo piso dúplex 3ª planta totalmente exterior sito en la Avenida de Europa de Pozuelo Superficie construida 140 m2 (105 m2 e...;46;140;3ª planta  con ascensor
Piso en Zona Avenida Europa, Pozuelo de Alarcón;https://www.idealista.com/inmueble/91487467/;515.000,00;"""Propiedades Pozuelo vende bonito piso en plena Avenida de Europa con 3 dormitorios, dos baños y una plaza de garaje. Recibidor, armario...";51;132;1ª planta exterior con ascensor
Piso en avenida Europa, Zona Avenida Europa, Pozuelo de Alarcón;https://www.idealista.com/inmueble/90014202/;380.000,00;Pozuelo de Alarcon. Piso 104m2 construidos. 2 Dormitorios. Salon 18m aprox. Hall de entrada con zona despacho. A/A. Amplia cocina con ter...;26;104;3ª planta exterior con ascensor
Piso en avenida de Europa, 15, Zona Avenida Europa, Pozuelo de Alarcón;https://www.idealista.com/inmueble/92124249/;550.000,00;Luminoso piso en primera planta exterior con terraza en urbanización con piscina y zonas ajardinadas. Consta de amplio salón de 35 metro...;39;164;1ª planta exterior con ascensor
Piso en Zona Avenida Europa, Pozuelo de Alarcón;https://www.idealista.com/inmueble/91665952/;584.000,00;Maravilloso piso bajo de cuatro dormitorios tres baños trastero y una plaza de garaje en urbanización consolidada de Pozuelo. La vivienda...;8;160;Bajo exterior con ascensor
Piso en carretera de humera, Zona Avenida Europa, Pozuelo de Alarcón;https://www.idealista.com/inmueble/88834023/;550.000,00;MARAVILLOSA VIVIENDA DE CAPRICHO! en una ubicación inmejorable en Pozuelo, al lado de todos los servicios, junto Avenida de Europa, Unive...;48;98;1ª planta exterior con ascensor
Piso en avenida DE EUROPA, Zona Avenida Europa, Pozuelo de Alarcón;https://www.idealista.com/inmueble/91997546/;795.000,00;Magnífico piso exterior de 4 habitaciones y 3 baños en Pozuelo de Alarcón. Vivienda en buen estado del año 1989 con orientación Noroeste...;8;178;3ª planta exterior con ascensor
Piso en Zona Avenida Europa, Pozuelo de Alarcón;https://www.idealista.com/inmueble/90852830/;515.000,00;"""Premium Realty International"" vende piso en plena Avenida de Europa, zona residencial-comercial, ubicado en una de las mejores zonas de...";37;132;1ª planta exterior con ascensor
Piso en avenida de Europa, 12, Zona Avenida Europa, Pozuelo de Alarcón;https://www.idealista.com/inmueble/92210159/;745.000,00;** ABSTENERSE AGENCIAS ** La casa se distribuye: entrando a través del hall a la izquierda tienes una gran cocina con office y tendeder...;37;180;3ª planta exterior con ascensor
Piso en Zona Avenida Europa, Pozuelo de Alarcón;https://www.idealista.com/inmueble/91669833/;595.000,00;AVDA. EUROPA. - TECNOCASA POZUELO ofrece en exclusiva este estupendo piso, en una de las urbanizaciones más destacadas de Pozuelo de Alar...;30;157;3ª planta exterior con ascensor
Piso en via de las Dos Castillas, Zona Avenida Europa, Pozuelo de Alarcón;https://www.idealista.com/inmueble/91561439/;560.000,00;EDERY REAL ESTATE vende piso en Vía de las Dos Castillas (Pozuelo de Alarcón). El piso tiene 150m², con 3 amplios dormitorios dobles de u...;52;155;1ª planta exterior con ascensor
Piso en Zona Avenida Europa, Pozuelo de Alarcón;https://www.idealista.com/inmueble/91516141/;515.000,00;Pozuelo de Alarcón, muy buen piso de 131² de 3 dormitorios en la misma Avenida de Europa. Bonita y familiar Urbanización privada. Le pr...;22;132;1ª planta exterior con ascensor
Piso en Zona Avenida Europa, Pozuelo de Alarcón;https://www.idealista.com/inmueble/87457648/;345.000,00;ACOGEDOR y COQUETO PISO de Piso 85m² de 1 dormitorio Y 1 baño en estupenda zona de Avenida del Talgo, Aravaca. A escasos minutos de la Es...;30;85;2ª planta exterior con ascensor
Piso en Zona Avenida Europa, Pozuelo de Alarcón;https://www.idealista.com/inmueble/89270282/;595.000,00;Fantástico piso con terraza de 139 m2 muy bien ubicado en una de las mejores zonas de Avda de Europa. Dispone de plaza de garaje. Zonas...;28;139;1ª planta exterior con ascensor
Piso en avenida de Europa, 15, Zona Avenida Europa, Pozuelo de Alarcón;https://www.idealista.com/inmueble/91791103/;550.000,00;Precioso piso con 3 habitaciones (antes 4), una de ellas con baño en suite, orientación sureste con una luz y sol increíbles. Espectacula...;37;164;1ª planta exterior con ascensor
Piso en Zona Avenida Europa, Pozuelo de Alarcón;https://www.idealista.com/inmueble/92128807/;550.000,00;Se trata de un coqueto apartamento a la venta renovado en una de las urbanizaciones más completas de Avenida de Europa llamada La Pérgola...;24;103;1ª planta exterior con ascensor
Piso en Zona Avenida Europa, Pozuelo de Alarcón;https://www.idealista.com/inmueble/92036478/;584.000,00;***EL PISO POR EXCELENCIA CON TODO LO QUE HAS IMAGINADO*** MAXIMAS PRESTACIONES AL MEJOR PRECIO! Tamaño extraordinario de 160m2 distribui...;51;160;Bajo exterior con ascensor
Piso en Zona Avenida Europa, Pozuelo de Alarcón;https://www.idealista.com/inmueble/90279434/;650.000,00;***TU ILUSION CUMPLIDA! Mucho más que un piso. Muchas características y prestaciones lo destacan del resto. Extraordinario piso de 146m2...;35;146;3ª planta exterior con ascensor
